Year,Month,Hraban's Age,Liutprand's Age,Plot Points,Historical Events,Scene Type,Notes,Women Present,Kaldellis Corrections
949,June,11,29,Departure from Pavia; First sight of Constantinople from sea; Magnaura throne room with mechanical birds and rising throne; Meeting Constantine VII,Constantine VII reign (scholar-emperor); Byzantine empire at relative peace,Core Scene,"Arrival sequence - overwhelming spectacle seduction begins","Queen Willa (Berengar's court - departure); Empress Helena Lekapena, court ladies (Constantinople arrival)",
949,September,11,29,Decision to stay behind in Constantinople; Liutprand departs; Hraban's first night alone in palace,Empire at height of cultural sophistication,Core Scene,"Plot pivot - moment that changes everything","Household women (glimpsed), palace servants",
949,October-December,11,29,First winter - integration begins; assigned palace quarters; Greek lessons commence; meets Theophylact the Logothete,Byzantine cultural/administrative routines established,Episodic,"Systematic acculturation - learning machinery beneath magic","Theophylact's wife?, household women (minimal contact), servants",
950,March,11,29,Finding his place - meets young Theophanu in kitchens (~5 yrs old); develops palace relationships,Ongoing palace education and hierarchy absorption,Episodic,"Establishing relationships - Theophanu connection planted early","Young Theophanu (~5), kitchen staff, palace servants, cooks",
950,June-September,12,30,Constantine's library work begins - becomes Constantine VII's manuscript copyist; works on De Administrando Imperio; first conversations about "What is Rome?",Constantine VII's scholarly works on empire continuity,Core Scene,"Intellectual seduction - earning nickname PhilomathÃ¨s (Knowledge-Lover)","Helena Lekapena's five daughters (Constantine's secretaries - possible glimpses), female scribes in convents (not palace)",
951,January-December,12,30,Coming of age montage - deepening Greek fluency; court protocol mastery; physical/intellectual maturation; first romantic/sexual experiences?,Growing competence as translator and palace functionary,Episodic,"Adolescent transformation - linguistic and cultural shift begins","Household women (daily glimpses), market women, church women, possible brief romantic encounters (tavern? household periphery?)",
952,January-December,13,31,Continued formative work - testing identity; witnessing ceremonies; understanding symbolic layers; career advancement,Empire under Constantine VII - stable scholarly reign,Episodic,"Belonging deepens - first awareness of choice/internal conflict","Court ceremonies (women visible in processions), religious festivals (gender-separated but present)",
953,January-December,14,32,Dreams in Greek; thinks in Greek unconsciously; Hraban realizes language preference shifting; defends Byzantine practices,Constantine VII continues scholarly approach,Episodic,"Identity markers - conscious and unconscious transformation","Household women (background), church women (services)",
954,January-December,15,33,Testing Romanness in small ways; adopting Byzantine customs; wearing gestures like borrowed clothes; uncertainty about fit,Constantine VII's reign - empire sophisticated and stable,Episodic,"Identity testing - trying on empire like new garments","Market women (shopping encounters), baths (gender-segregated), church women",
955,January-September,16,34,THE VAULT SCENE - THE WEIGHT OF PURPLE: Summoned by Theophylact; descends to ancient counting-house vault beneath Great Palace; interrogation by Brother Domenico Calabrian prisoner; "What makes a Roman?" question posed and unanswerable; philosophical crisis; ascent with new understanding; realizes he's been thinking in Greek,Calabrian campaigns; Arab-Byzantine cultural exchange; intellectual prisoners in Constantinople,Core Scene,"Philosophical center of novel - identity crisis & central question posed","None in vault scene itself (male interrogation context); household women afterward (glimpsed in processing)",NOTE: Liutprand defects to Otto this same year - news reaches Constantinople
955,September-December,17,35,Walking city in confusion - aftermath of vault encounter; counting things obsessively; night vigil; grappling with unanswerable question; understanding that Rome is choice not blood,Crisis aftermath - internal processing,Episodic,"Integration of crisis - life continues despite revelation","Zoe at tavern (first extended encounter, age ~10, 'fancies him'), tavern women, street women, church women",
956,January-December,17,35,Aftermath & adolescence continues - how crisis changes him; trying harder to be Roman? Resisting? Testing himself? Relationships shift? Career developments?,Court culture shifting - Romanos II young and pleasure-loving,Episodic,"Living with the question - adolescence conclusion","Household women (evolving awareness), palace women (glimpsed)",
957,January-December,18,36,Palace evolution under Romanos II - different cultural tone than Constantine's scholarship; Theophano the Elder's power rising; Hraban adapts again,Romanos II young emperor; pleasure court emerges,Episodic,"Regime transition begins - adaptability demonstrated","Theophano the Elder (rising power visible), court ladies, different aesthetic",HISTORICAL: Princess Olga's September 957 visit (108+ retinue, 34 women) - should this be its own entry?
958,January-December,19,37,Maturation and network-building continue; position solidifying; becoming known as reliable translator and cultural interpreter; code-switching between languages and cultures perfected,Romanos II's reign - different aesthetic than Constantine,Episodic,"Mastery phase - competence across contexts","Household women (routine contact), professional women (physicians?, merchants?)",
959,March,20,38,Constantine VII dies - first great patron gone; regime change; Hraban's position secure despite transition,Constantine VII's death; Romanos II takes throne; Theophano the Elder becomes powerful,Episodic Scene,"Death of patron - but survival assured; continuity within change","Helena Lekapena (grief, banishment coming), Theophano the Elder (ascendant), court women",
959,April-December,20,38,New court under Romanos II - different energy and culture; Theophano's power; Byzantine hierarchy adapts; Hraban observes and survives,New regime establishing - youth and hedonism vs. scholarship,Episodic,"New stability under different order","Theophano the Elder (visible power), pleasure court culture, different women's roles",HISTORICAL: Helena's five daughters forced into convents this year - violent resistance from educated women
960,January-December,21,39,Battle of Andrassos - news reaches Constantinople; Sayf al-Dawla defeated by Leo Phokas; military intelligence flows through palace; Hraban translating dispatches?,Military action accelerating - Nikephoros Phokas faction rising,Episodic Scene,"Military reality intruding on palace life","Generals' wives (strategissai) managing estates in husbands' absence",
961,January-December,22,40,Continued court service under Romanos II; building diplomatic skills; preparing for larger role; relationship with power becoming clearer,Romanos II's reign - pleasure and culture; tensions with military faction,Episodic,"Career advancement - diplomatic foundations laid","Theophano the Elder (power consolidating), court women",HISTORICAL: Helena Lekapena dies in grief September 961 after banishment
962,November,23,41,Abu Firas captured - Arab poet-prince arrives as Byzantine prisoner; Hraban possibly involved in initial interrogations; witnessing parallel displacement and captivity,Abu Firas al-Hamdani arrives in captivity; begins composing RÅ«miyyÄt poems,Episodic Scene,"Cultural exchange through captivity - mirror to Hraban's displacement","Abu Firas's mother (Byzantine Greek concubine, died during captivity), sister Sakhinah (distant, married to Sayf al-Dawla)",CORRECTION: His RÅ«miyyÄt use 'Rum' not 'Byzantine land' (modern translator interpretation)
962-966,Ongoing,23-27,41-45,Muslim prisoners' Christmas feast - Nikephoros's unexpected courtesy and sophistication; Abu Firas and noble Arabs honored; dietary laws respected; cultural recognition across war,Byzantine-Arab military pauses; cultural diplomacy,Core Scene,"Unexpected humanity in empire - both sides as civilized","Court women at parallel feasts?, servants preparing special meals, female cooks",
963,March 15,25,42,Romanos II dies mysteriously - age 26; poisoning whispers; Theophano the Elder under suspicion; power vacuum; messengers summon Nikephoros Phokas; first sense that empire is contested,Romanos II's mysterious death; succession crisis begins,Episodic Scene,"Palace in crisis - seeing power's true nature","Theophano the Elder (accused, probably innocent - modern scholarship), palace women (gossip, fear)",CORRECTION: Probably natural causes or debauchery; Theophano likely innocent despite accusations
963,August 14,25,42,Nikephoros Phokas enters Constantinople - street fighting in the Mese; carries Romanos letters for legitimacy; blood and legitimacy intertwined; "White Death of Saracens" arrives; military coup succeeds,Nikephoros II Phokas coup; beginning of military expansion era,Core Scene,"Military power seizes throne - force and theater combined","Women watching from windows, street women fleeing, generals' wives (power shift), Theophano (calculating)",
963,September 20,25,42,Nikephoros marries Theophano - controversial in Hagia Sophia; Patriarch Polyeuktos reluctant (third marriage); Nikephoros wears both monastic rason and purple; theological contradiction; Theophano's face reveals nothing,Political consolidation through marriage; Theophano's continued power,Core Scene,"Legitimacy through marriage - power theater","Theophano the Elder (strategic marriage), court ladies, religious women (scandal), Patriarch's disapproval",
963,October-December,25,42,New court under Nikephoros - austere military regime begins; hair-shirt piety; harsh taxation for campaigns; different culture than Constantine's sophistication; Hraban's role shifts to military-administrative functions,Nikephoros's military/ascetic regime established,Episodic,"Living under austerity - adaptation to new paradigm","Theophano (isolated increasingly), military wives (different culture), ascetic religious women",
964,January-December,26,43,Living under Nikephoros's austere court - witnessing his piety and discipline; palace atmosphere transformed; different style of power projection; Hraban as translator of military intelligence,Nikephoros II aggressive military reign; campaigns ongoing,Episodic,"Military empire - different from scholarly or pleasure regimes","Theophano isolated in Cilician fortress (964-965), different women's roles under austerity",
965,January,26,43,Greek Fire at Sea - naval battle with Fatimids; news reaches Constantinople; terror weapon demonstrates Byzantine technological superiority; Hraban translating accounts?,Byzantine naval superiority demonstrated,Episodic Scene,"Military marvel - instrument of power","Women at home awaiting military news, widows of naval casualties",
965,May,26,43,Tarsus Falls - Cilicia reconquered after centuries; greatest triumph of Nikephoros; church bells ring; formerly Arab cities now Byzantine; empire at peak,Nikephoros's greatest triumph; Byzantine expansion reaches maximum,Episodic Scene,"Empire seems ascendant - military victory complete","Women in religious celebrations, generals' wives (triumph), enslaved women from conquest",
966,June,27,45,Great Prisoner Exchange at Samosata - thousands cross Euphrates; Abu Firas released; his RÅ«miyyÄt poems now sung in both lands; another cultural exchange through captivity; boundaries permeable despite war,Diplomatic solution after military victories; cultural transmission continues,Episodic Scene,"Poetry and culture travel what borders cannot hold","Women in prisoner families (reunions), female captives?, Arab women returning home",CORRECTION: Who sings his poetry in Roman lands? Perhaps Hraban makes wry comment about this
966-969,Ongoing,27-31,45-48,Theophano uses Hraban for sensitive work - deepening relationship as both outsiders navigate hostile court; she teaches pragmatic survival; political instruction through translation tasks; growing trust,Loveless marriage; Nikephoros sleeps on panther skin refusing marital bed,Episodic Series,"Political education from master operator","Theophano the Elder (teacher, ally), gynaikonitis glimpses through eunuch intermediaries",
968,June 4,30,47,Liutprand's second embassy arrives - Hraban's first encounter with old patron in many years; Liutprand kept waiting in rain; lodged in waterless house (humiliation); reunion complicated by transformation,Liutprand's second embassy to Nikephoros II (historical embassy); diplomatic mission for Otto II,Core Scene,"Past returns - seeing through which lens?","Adelaide of Italy (Otto's court context - powerful empress, future conflict with Theophanu), German noblewomen in Otto's retinue?",
968,June 7,30,47,Pentecost Audience - The Clash - title dispute "Rex" vs. "Basileus"; papal letter calls Nikephoros "Emperor of the Greeks" (ultimate insult); Nikephoros's rage: "Where was Otto when we defended civilization?"; Hraban translating encounter; two worldviews irreconcilable,Liutprand's documented embassy; title dispute historical,Core Scene,"Vault question answered in violence not philosophy - East vs. West collision","Theophano present? (empress at ceremonies), court ladies, contrasting German women",
968,June-July,30,47,Purple Silk Incident - Liutprand tries to buy purple silk; guards confiscate (imperial monopoly); Liutprand: "At home whores wear purple!"; Hraban witnessing or involved in confiscation; symbolic weight of purple,Imperial purple monopoly - symbol of Romanness,Core Scene,"Purple as visible manifestation of empire's claims","Silk workshop women (imperial monopoly), female textile workers, merchants",
968,July,30,47,Liutprand's Departure - brief or extended meeting between Hraban and old patron; painful recognition of transformation; Liutprand's assessment: "traitor?"; Hraban's response: explanation or silence; bridges burned; Western identity shed; fully choosing East,End of diplomatic mission; final break with West,Core Scene,"Severance - no return possible","None (male diplomatic context), but Adelaide's ongoing hostility to 'Greek woman' establishes future conflict",
969,December 1-9,31,48,Rumors & Tension in palace - Nikephoros's austere piety making enemies; conspirators gathering; Theophano and John Tzimiskes moving toward each other; palace whispers in minor key; Hraban sensing something but not understanding,Assassination plot building - historical event December 969,Episodic Scene,"Building dread - knowing something but not what","Theophano (central to plot), gynaikonitis women (conspirators hidden there), palace women (gossip networks)",
969,December 10-11,31,48,THE ASSASSINATION NIGHT - Nikephoros murdered - rumors all day; tension rises; Theophano leaves doors unbolted ("forgets"); conspirators hide in gynaikonitis in women's clothes; Nikephoros sleeps before icons (piety becomes vulnerability); John Tzimiskes leads murder: "Tell me tyrant wasn't it through me?"; swords flash; teeth scatter; Hraban somewhere in palace - witness or deniability?; morning - head displayed from window; Theophano expects marriage (thwarted by Patriarch),Murder of Nikephoros II Phokas December 10 969; John I Tzimiskes becomes emperor; Patriarch Polyeuktos refuses Theophano marriage,Core Scene,"Philosophy becomes action - violence as Rome's answer to the question","Theophano (left door unlocked, hid conspirators in gynaikonitis), women's quarters used for conspiracy, female disguises for male assassins, guards wouldn't search empress's rooms",CORRECTION: Gynaikonitis access rules proven by this event
969,December 11,31,48,Aftermath & Choosing Sides - John Tzimiskes crowned; Hraban retained in service (survival/pragmatism); fully Roman in thinking now; violence at heart of empire accepted; question answered by history not philosophy; Theophano exiled six days later,New emperor takes throne; new regime established; Theophano betrayed by lover and exiled to Armenian monastery,Episodic Scene,"Pragmatism of survival - choosing East completely","Theophano exiled, Theodora retrieved from convent (Constantine's daughter forced into convent 959, now married to Tzimiskes 971 - supreme irony)",
970,January-December,31,49,John Tzimiskes's reign begins - consolidation and new direction; Hraban's role secure despite change (adaptability proven); his full transformation complete; what work does he do? What languages? For whom?,John Tzimiskes establishes regime; military campaigns continue,Episodic,"New emperor's court - same pattern of adaptation","Theodora as new empress (less visible than Theophano), eunuch Basil Lekapenos wielding power, court women (new regime)",
970,Ongoing,32,49,Zoe takes over tavern - Alexandros aging; Zoe (~25) becomes businesswoman managing family establishment; quiet success without needing purple; Hraban still frequents; watches her trajectory vs Theophano's,"Constantinople commercial life continues, women's business ownership documented",Episodic Check-in,"Tavern-keeper's daughter who stayed vs. tavern-keeper's daughter (Theophano) who became empress","Zoe (businesswoman), her mother?, tavern staff women, customers",NOTE: Parallel to Theophano's tavern-keeper origins - both kapÄ“los daughters, different paths
971,January-May,32,50,John Tzimiskes meets Sviatoslav - after crushing Rus at Dorostolon; Byzantine emperor in golden armor on charger; Sviatoslav rows his own boat (independence statement); negotiation in Greek; rough Rus prince vs. Byzantine splendor; cultural contrasts multiplied; Hraban translating? observing?,Battle of Dorostolon 971; John Tzimiskes's military success,Episodic Scene,"Cultural theater - empire's way of handling difference","Rus women in retinue?, contrast to Olga's 957 visit (34 women, powerful princess), military camp women",
971,June,32,50,Successful Embassy to Otto - new mission sent after Nikephoros's death (humiliation avenged by diplomacy); flexible diplomacy under Tzimiskes; marriage agreement reached; not purple-born princess; John's niece Theophanu instead; marriage that carries Roman civilization West,Theophanu's marriage agreement; Byzantine diplomatic success,Episodic Scene,"Diplomacy triumph - marriage as cultural transmission","Otto's court women negotiating (Adelaide of Italy, powerful empress who will hate Theophanu), German noblewomen, Byzantine female negotiators?",
971,July-December,32,50,Preparing Theophanu for the West - First meeting with adult Theophanu (was child ~5 yrs in 950); she's now ~17 (or ~12 if born 960); Hraban remembers kitchen girl; recognition across time; she's the "false" princess but MORE Roman than most; teaching her about Otto's court,Theophanu preparation for marriage; cultural education,Core Scene,"Teaching and being taught - mutual education; he realizes he loves her (end of this sequence)","Theophanu (~17 or ~12, educated in Constantine VII's system), ladies-in-waiting, gynaikonitis context, female tutors, textile women preparing trousseau",CORRECTION: Birth date debate 955 vs 960; modern consensus slightly favors 960 (died age 30-31 in 991)
972,January-February,33,51,Her Teaching Him - Theophanu teaches Hraban about Constantine VII; she's studied his works; more Roman than he thought possible; understands empire as living continuity; conversations deepen beyond logistics; Hraban realizes: can be born Roman in spirit without Germanic distance,Constantine VII's influence through Theophanu; scholarly continuity,Episodic Scene,"Mutual education - native Romanness vs. acquired; emotional complexity as he loves her but enables her wedding","Theophanu (intellectual equal despite age gap), female scholars? (Constantine's daughters' legacy), educated women in her circle",
972,February-March,33,51,Preparation of Trousseau & Documents - Theophanu's dowry assembled (gold silks manuscripts art); she will carry Roman civilization West; Hraban helps curate: what survives? what stories travel? She becomes vector for empire's continuation,Historical: Theophanu's dowry and preparation,Episodic Scene,"Selecting what civilization travels - cultural transmission; Hraban choosing empire over self","Theophanu, female textile workers (imperial silk workshops), craftswomen, perfumers, ladies-in-waiting, treasure managers",
972,March-April,33,51,Departure from Constantinople - Traveling West with Theophanu's escort; looks back at city one last time; where he became himself; is this return or exile? emotional transition point,Journey West begins; Spring 972 departure,Episodic Scene,"Farewell - looking back","Theophanu, her female attendants (large retinue), ladies-in-waiting, servants, farewell from palace women",
972,April,33,51,Crossing Back into Italy - Landscape familiar yet foreign; 23 years since leaving as 11-year-old boy; things changed; he changed; route is known but he's different; he's "the Greek" to Westerners now; translating not just language but civilization,Return to Western lands; historical journey with bride,Core Scene,"Homecoming as estrangement - transformation complete","Theophanu and Byzantine women (strange to German eyes), German women (strange to Byzantine eyes), cultural contrast visible in women's dress/behavior",
972,April 14,33,51,Theophanu's Wedding at St. Peter's Rome - Pope John XIII officiating; Otto II receives his Byzantine bride; magnificent Roman escort and treasures displayed; Germans murmur "that Greek woman" (contempt and awe); Hraban translating ceremony or standing witness?; forks arrive (innovation); daily baths become expectation; philosophy travels; cultural revolution beginning; marriage as empire's way of continuing,Theophanu marries Otto II April 14 972; Byzantine culture enters Western court,Core Scene,"Two worlds colliding - synthesis and transmission","Theophanu (bride, NOT porphyrogennita as Ottonians wanted), Adelaide of Italy (hostile, 'very happy when that Greek woman died'), German noblewomen (criticizing daily bathing, forks, luxurious dress, 'unpleasant and talkative'), Byzantine women (retinue, cultural ambassadors), Matilda, Hrotsvit (powerful German women)",CORRECTION: Adelaide's documented hostility; German women's criticisms documented; Theophanu's later success as regent 985-991
972,April-June,33,51,Arrival at Otto's Court - Final Transformation Recognized - he's "the Greek" to Germans now; complete transformation; belongs to neither world and both; looking back at Constantinople (where does it live in memory?); looking forward to unknown; identity as choice not birth; translation never ends; no arrival only perpetual translation,Otto's court in West; Byzantine-Western cultural exchange begins,Core Scene / Ending,"Identity perfected - perpetual translation as life","German court women (Adelaide's power, conflict with Theophanu), Theophanu (beginning her transformation from bride to regent), cultural clash visible through women's reactions",
990-1000+,Ongoing,60+,70+,EPILOGUE (optional) - Old Hraban (~60+) reflecting on life; perhaps writing his story; the Epistrophikon - "The Turning" - his testimony; what preserved? what transmitted? did translation succeed? Readers realize: they've been reading his testimony all along,Late 10th century; cultural synthesis ongoing; Theophanu's successful regency 985-991 proved Byzantine training,Optional Frame,"Frame reveal - his voice telling his own story","Theophanu's legacy (died 991, successful regent despite being 'that Greek woman')",NOTE: Theophanu died 991 age ~31 after successful regency using masculine title 'imperator'

# KALDELLIS CORRECTIONS SUMMARY

## Events Corrected or Noted:
- 917 Achelous: "75,000 soldiers" = impossible figure (pre-novel period)
- 941 Rus Attack: "1,000 ships" = unlikely figure; eunuch Theophanes' role crucial (pre-novel period)
- 962 Abu Firas: "In Byzantine land" is modern translator's interpretation; original uses "Rum"
- 963 Romanos II death: Probably natural causes or debauchery (48 hrs after Theophano gave birth, she was bedridden); poisoning accusations likely false
- 966 Prisoner Exchange: RÅ«miyyÄt poetry "sung in both lands" - WHO would sing in Roman lands? (Maybe Hraban, wryly)
- 969 Assassination: Gynaikonitis access rules proven (guards wouldn't search empress's rooms; conspirators disguised as women)
- 972 Tzimiskes death: Path NOT clear for Basil II - he was "handled" for 13 years before asserting himself
- 975 Syrian Campaign: Tzimiskes NEVER got near Nazareth; extorted Damascus then left (post-novel period)
- 975 Christians NOT in hiding under Muslim rule (correction for understanding)
- 1000 Bulgarian Campaign: Fighting began mid-990s; maps are modern anachronism; "Bulgar-Slayer" is 12th century moniker (post-novel period)

## "Byzantine" Terminology:
Word existed but meant the City itself only (archaic name), NOT the empire. Use "Roman Empire," "Constantinople," or "the City" instead.

## Historical Women Added:
- Queen Willa (Berengar's court, consors regni, co-equal target of Liutprand's revenge)
- Princess Olga of Kiev (957 visit, 108+ retinue with 34 women, powerful foreign model)
- Helena Lekapena's five daughters (forced into convents 959, educated scholars, violent resistance)
- Theophano the Elder (tavern-keeper's daughter, strategic operator, probably innocent of poisoning)
- Adelaide of Italy (Otto's powerful empress, documented hostility to Theophanu)
- German noblewomen (Matilda, Hrotsvit - powerful women in Otto's court)
- Generals' wives (strategissai with official positions, managed estates during campaigns)
- Palace women in various roles (textile workshops, gynaikonitis, information networks)

# WOMEN TRACKING PRINCIPLES

Each entry now includes "Women Present" column to ensure:
- Bechdel test opportunities identified
- Women's agency visible across timeline
- Gender protocols respected but shown as complex
- Female power structures demonstrated
- Variety of women's roles represented (imperial, commercial, domestic, religious, military)
- Parallel between Theophano (tavern-keeper's daughter who became empress) and Zoe (tavern-keeper's daughter who stayed)

# USAGE NOTES

- This CSV preserves ALL original content while adding women's context
- Can be imported into Google Sheets/Excel for sorting by any column
- "Women Present" column tracks female characters for planning
- Kaldellis corrections noted in final column where relevant
- Scene types remain flexible for writing process
- Ages track emotional/developmental context
- Historical events provide grounding and research hooks